<?xml version="1.0" encoding="utf-8"?>
<!--/2863677/411526/2.49/5/2/Power Supply/-->
<quadcept_library>
  <setting unit="mil" />
  <textstyle name="Default" height="47.244094488189" strokewidth="7.8740157480315" charwidth="47.244094488189" />
  <textstyle name="Dimension" height="19.6850393700787" strokewidth="0" charwidth="19.6850393700787" />
  <textstyle name="H127W0635TH00762" height="50" strokewidth="3" charwidth="25" />
  <textstyle name="H15W15TH02" height="59.0551181102362" strokewidth="7.8740157480315" charwidth="59.0551181102362" />
  <padstyle name="c130.3_h76" surface="False" plated="True" isvia="False" nopaste="True" nomask="True" complex="False" holesize="29.921259842519">
    <padshape layer="TOP" shape="round" width="51.299212598425" height="51.299212598425" />
    <padshape layer="TOP_SOLDER_MASK" shape="round" width="59.173228346456" height="59.173228346456" />
    <padshape layer="INNER" shape="round" width="51.299212598425" height="51.299212598425" />
    <padshape layer="BOTTOM" shape="round" width="51.299212598425" height="51.299212598425" />
    <padshape layer="BOTTOM_SOLDER_MASK" shape="round" width="59.173228346456" height="59.173228346456" />
  </padstyle>
  <padstyle name="s130.3_h76" surface="False" plated="True" isvia="False" nopaste="True" nomask="True" complex="False" holesize="29.921259842519">
    <padshape layer="TOP" shape="square" width="51.299212598425" height="51.299212598425" />
    <padshape layer="TOP_SOLDER_MASK" shape="square" width="59.173228346456" height="59.173228346456" />
    <padshape layer="INNER" shape="square" width="51.299212598425" height="51.299212598425" />
    <padshape layer="BOTTOM" shape="square" width="51.299212598425" height="51.299212598425" />
    <padshape layer="BOTTOM_SOLDER_MASK" shape="square" width="59.173228346456" height="59.173228346456" />
  </padstyle>
  <padstyle name="c343.5_h229" surface="False" plated="True" isvia="False" nopaste="True" nomask="True" complex="False" holesize="90.15748031496">
    <padshape layer="TOP" shape="round" width="135.23622047244" height="135.23622047244" />
    <padshape layer="TOP_SOLDER_MASK" shape="round" width="143.11023622047" height="143.11023622047" />
    <padshape layer="INNER" shape="round" width="135.23622047244" height="135.23622047244" />
    <padshape layer="BOTTOM" shape="round" width="135.23622047244" height="135.23622047244" />
    <padshape layer="BOTTOM_SOLDER_MASK" shape="round" width="143.11023622047" height="143.11023622047" />
  </padstyle>
  <footprint name="TSR148120WI" originx="0" originy="0" pickpointx="0" pickpointy="0">
    <pcbpin number="1" name="1" style="s130.3_h76" originx="0" originy="0" rotation="90" />
    <pcbpin number="2" name="2" style="c130.3_h76" originx="99.999999999999" originy="0" rotation="90" />
    <pcbpin number="3" name="3" style="c130.3_h76" originx="200" originy="0" rotation="90" />
    <pcbpin number="4" name="4" style="c343.5_h229" originx="-126.3779527559" originy="-43.307086614173" rotation="90" />
    <pcbpin number="5" name="5" style="c343.5_h229" originx="326.3779527559" originy="-43.307086614173" rotation="90" />
    <line layer="TOP_ASSEMBLY" originx="-138.18897637795" originy="-212.59842519685" endx="338.18897637795" endy="-212.59842519685" width="7.8740157480314" />
    <line layer="TOP_ASSEMBLY" originx="338.18897637795" originy="-212.59842519685" endx="338.18897637795" endy="125.9842519685" width="7.8740157480314" />
    <line layer="TOP_ASSEMBLY" originx="338.18897637795" originy="125.9842519685" endx="-138.18897637795" endy="125.9842519685" width="7.8740157480314" />
    <line layer="TOP_ASSEMBLY" originx="-138.18897637795" originy="125.9842519685" endx="-138.18897637795" endy="-212.59842519685" width="7.8740157480314" />
    <line layer="TOP_PLACE_BOUND" originx="-233.38582677165" originy="-251.968503937" endx="433.34645669291" endy="-251.968503937" width="3.9370078740157" />
    <line layer="TOP_PLACE_BOUND" originx="433.34645669291" originy="-251.968503937" endx="433.34645669291" endy="185.03937007874" width="3.9370078740157" />
    <line layer="TOP_PLACE_BOUND" originx="433.34645669291" originy="185.03937007874" endx="-233.38582677165" endy="185.03937007874" width="3.9370078740157" />
    <line layer="TOP_PLACE_BOUND" originx="-233.38582677165" originy="185.03937007874" endx="-233.38582677165" endy="-251.968503937" width="3.9370078740157" />
    <line layer="TOP_SILKSCREEN" originx="-138.18897637795" originy="-118.11023622047" endx="-138.18897637795" endy="-212.59842519685" width="3.9370078740157" />
    <line layer="TOP_SILKSCREEN" originx="-138.18897637795" originy="-212.59842519685" endx="338.18897637795" endy="-212.59842519685" width="3.9370078740157" />
    <line layer="TOP_SILKSCREEN" originx="338.18897637795" originy="-212.59842519685" endx="338.18897637795" endy="-118.11023622047" width="3.9370078740157" />
    <line layer="TOP_SILKSCREEN" originx="-138.18897637795" originy="35.433070866141" endx="-138.18897637795" endy="125.9842519685" width="3.9370078740157" />
    <line layer="TOP_SILKSCREEN" originx="-138.18897637795" originy="125.9842519685" endx="338.18897637795" endy="125.9842519685" width="3.9370078740157" />
    <line layer="TOP_SILKSCREEN" originx="338.18897637795" originy="125.9842519685" endx="338.18897637795" endy="35.433070866141" width="3.9370078740157" />
    <line layer="TOP_SILKSCREEN" originx="-11.811023622047" originy="141.73228346457" endx="-11.811023622047" endy="141.73228346457" width="3.9370078740157" />
    <arc layer="TOP_SILKSCREEN" originx="-15.748031496063" originy="143.70078740157" startangle="-90.0" sweepangle="180.0" radius="-1.9685039370079" width="3.9370078740157" />
    <line layer="TOP_SILKSCREEN" originx="-11.811023622047" originy="145.66929133858" endx="-11.811023622047" endy="145.66929133858" width="3.9370078740157" />
    <arc layer="TOP_SILKSCREEN" originx="-15.748031496063" originy="143.70078740157" startangle="90.0" sweepangle="180.0" radius="-1.9685039370079" width="3.9370078740157" />
  </footprint>
  <symbol name="TSR_1-48150WI" originx="0" originy="0">
    <line originx="200" originy="100" endx="1300" endy="100" width="0" />
    <line originx="1300" originy="-300" endx="1300" endy="100" width="0" />
    <line originx="1300" originy="-300" endx="200" endy="-300" width="0" />
    <line originx="200" originy="100" endx="200" endy="-300" width="0" />
    <sympin number="1" originx="1300" originy="0" rotation="0" length="100" width="7.8740157480315" flipped="False">
      <text name="pinname" originx="1270" originy="0" style="Default" rotation="0" justify="right" flipped="False" hidden="False" data="+VIN" />
      <text name="pindes" originx="1360" originy="20" style="Default" rotation="0" justify="lowerleft" flipped="False" hidden="False" data="1" />
    </sympin>
    <sympin number="2" originx="1300" originy="-100" rotation="0" length="100" width="7.8740157480315" flipped="False">
      <text name="pinname" originx="1270" originy="-100" style="Default" rotation="0" justify="right" flipped="False" hidden="False" data="GND" />
      <text name="pindes" originx="1360" originy="-80" style="Default" rotation="0" justify="lowerleft" flipped="False" hidden="False" data="2" />
    </sympin>
    <sympin number="3" originx="1300" originy="-200" rotation="0" length="100" width="7.8740157480315" flipped="False">
      <text name="pinname" originx="1270" originy="-200" style="Default" rotation="0" justify="right" flipped="False" hidden="False" data="+VOUT" />
      <text name="pindes" originx="1360" originy="-180" style="Default" rotation="0" justify="lowerleft" flipped="False" hidden="False" data="3" />
    </sympin>
    <sympin number="4" originx="200" originy="0" rotation="180" length="100" width="7.8740157480315" flipped="False">
      <text name="pinname" originx="230" originy="0" style="Default" rotation="0" justify="left" flipped="False" hidden="False" data="CASE_PIN_1" />
      <text name="pindes" originx="140" originy="20" style="Default" rotation="0" justify="lowerright" flipped="False" hidden="False" data="4" />
    </sympin>
    <sympin number="5" originx="200" originy="-100" rotation="180" length="100" width="7.8740157480315" flipped="False">
      <text name="pinname" originx="230" originy="-100" style="Default" rotation="0" justify="left" flipped="False" hidden="False" data="CASE_PIN_2" />
      <text name="pindes" originx="140" originy="-80" style="Default" rotation="0" justify="lowerright" flipped="False" hidden="False" data="5" />
    </sympin>
  </symbol>
  <component name="TSR_1-48150WI" designatorprefix="PS" height="708.66141732283" footprint="TSR148120WI">
    <comppin designator="1" sympin="1" pinswap="0" gateswap="0" gate="1" group="1" side="" type="Any" name="+VIN" />
    <comppin designator="2" sympin="2" pinswap="0" gateswap="0" gate="1" group="1" side="" type="Any" name="GND" />
    <comppin designator="3" sympin="3" pinswap="0" gateswap="0" gate="1" group="1" side="" type="Any" name="+VOUT" />
    <comppin designator="4" sympin="4" pinswap="0" gateswap="0" gate="1" group="1" side="" type="Any" name="CASE_PIN_1" />
    <comppin designator="5" sympin="5" pinswap="0" gateswap="0" gate="1" group="1" side="" type="Any" name="CASE_PIN_2" />
    <attached_symbol gate="1" name="TSR_1-48150WI" />
    <pinmap designator="1" footprintpin="1" />
    <pinmap designator="2" footprintpin="2" />
    <pinmap designator="3" footprintpin="3" />
    <pinmap designator="4" footprintpin="4" />
    <pinmap designator="5" footprintpin="5" />
    <text name="Datasheet" originx="0" originy="0" style="Default" rotation="0" justify="" flipped="False" hidden="True" data="https://tracopower.com/tsr1wi-datasheet/" />
    <text name="Description" originx="0" originy="0" style="Default" rotation="0" justify="" flipped="False" hidden="True" data="1 Amp POL converter, industrial, ultra wide 9-72 VDC input, pos.-pos. circuit, LM78 compatible, SIP-3" />
    <text name="Mouser Part Number" originx="0" originy="0" style="Default" rotation="0" justify="" flipped="False" hidden="True" data="495-TSR1-48150WI" />
    <text name="Mouser Price/Stock" originx="0" originy="0" style="Default" rotation="0" justify="" flipped="False" hidden="True" data="https://www.mouser.co.uk/ProductDetail/TRACO-Power/TSR-1-48150WI?qs=XeJtXLiO41RIZxRMK3zaKg%3D%3D" />
    <text name="Manufacturer_Name" originx="0" originy="0" style="Default" rotation="0" justify="" flipped="False" hidden="True" data="Traco Power" />
    <text name="Manufacturer_Part_Number" originx="1350" originy="200" style="Default" rotation="0" justify="left" flipped="False" hidden="False" data="TSR 1-48150WI" />
  </component>
</quadcept_library>
